metric,mean,std
chance,0.5,0.0
majority,0.5,0.0
csp_gaussian_nb,0.6898148148148148,0.1433737695976568
csp_lda,0.7515432098765431,0.13835739353952414
